{
  "distance": 0.49497793265882645,
  "privacy": 0.010044134682347189,
  "energy": 0.49497793265882645
}