{
  "d_agent": 0.5970128220056006,
  "d_human": 0.10074679449859987,
  "energy": 0.15112019174789978,
  "privacy": 0.15112019174789978
}