{
  "d_agent": 0.5381612000773751,
  "d_human": 0.4417190013954127,
  "energy": 0.010059899263606125,
  "privacy": 0.010059899263606125
}